[
  {
    "md_rasi": "Libra",
    "ad_rasi": "Libra",
    "start_date": "1976-09-06",
    "end_date": "1977-07-07"
  },
  {
    "md_rasi": "Libra",
    "ad_rasi": "Scorpio",
    "start_date": "1977-07-07",
    "end_date": "1978-05-08"
  },
  {
    "md_rasi": "Libra",
    "ad_rasi": "Sagittarius",
    "start_date": "1978-05-08",
    "end_date": "1979-03-08"
  },
  {
    "md_rasi": "Libra",
    "ad_rasi": "Capricorn",
    "start_date": "1979-03-08",
    "end_date": "1980-01-06"
  },
  {
    "md_rasi": "Libra",
    "ad_rasi": "Aquarius",
    "start_date": "1980-01-06",
    "end_date": "1980-11-06"
  },
  {
    "md_rasi": "Libra",
    "ad_rasi": "Pisces",
    "start_date": "1980-11-06",
    "end_date": "1981-09-06"
  },
  {
    "md_rasi": "Libra",
    "ad_rasi": "Aries",
    "start_date": "1981-09-06",
    "end_date": "1982-07-08"
  },
  {
    "md_rasi": "Libra",
    "ad_rasi": "Taurus",
    "start_date": "1982-07-08",
    "end_date": "1983-05-08"
  },
  {
    "md_rasi": "Libra",
    "ad_rasi": "Gemini",
    "start_date": "1983-05-08",
    "end_date": "1984-03-07"
  },
  {
    "md_rasi": "Libra",
    "ad_rasi": "Cancer",
    "start_date": "1984-03-07",
    "end_date": "1985-01-06"
  },
  {
    "md_rasi": "Libra",
    "ad_rasi": "Leo",
    "start_date": "1985-01-06",
    "end_date": "1985-11-06"
  },
  {
    "md_rasi": "Libra",
    "ad_rasi": "Virgo",
    "start_date": "1985-11-06",
    "end_date": "1986-09-07"
  },
  {
    "md_rasi": "Scorpio",
    "ad_rasi": "Scorpio",
    "start_date": "1986-09-07",
    "end_date": "1987-07-08"
  },
  {
    "md_rasi": "Scorpio",
    "ad_rasi": "Sagittarius",
    "start_date": "1987-07-08",
    "end_date": "1988-05-07"
  },
  {
    "md_rasi": "Scorpio",
    "ad_rasi": "Capricorn",
    "start_date": "1988-05-07",
    "end_date": "1989-03-08"
  },
  {
    "md_rasi": "Scorpio",
    "ad_rasi": "Aquarius",
    "start_date": "1989-03-08",
    "end_date": "1990-01-06"
  },
  {
    "md_rasi": "Scorpio",
    "ad_rasi": "Pisces",
    "start_date": "1990-01-06",
    "end_date": "1990-11-06"
  },
  {
    "md_rasi": "Scorpio",
    "ad_rasi": "Aries",
    "start_date": "1990-11-06",
    "end_date": "1991-09-07"
  },
  {
    "md_rasi": "Scorpio",
    "ad_rasi": "Taurus",
    "start_date": "1991-09-07",
    "end_date": "1992-07-07"
  },
  {
    "md_rasi": "Scorpio",
    "ad_rasi": "Gemini",
    "start_date": "1992-07-07",
    "end_date": "1993-05-08"
  },
  {
    "md_rasi": "Scorpio",
    "ad_rasi": "Cancer",
    "start_date": "1993-05-08",
    "end_date": "1994-03-08"
  },
  {
    "md_rasi": "Scorpio",
    "ad_rasi": "Leo",
    "start_date": "1994-03-08",
    "end_date": "1995-01-06"
  },
  {
    "md_rasi": "Scorpio",
    "ad_rasi": "Virgo",
    "start_date": "1995-01-06",
    "end_date": "1995-11-07"
  },
  {
    "md_rasi": "Scorpio",
    "ad_rasi": "Libra",
    "start_date": "1995-11-07",
    "end_date": "1996-09-06"
  },
  {
    "md_rasi": "Sagittarius",
    "ad_rasi": "Sagittarius",
    "start_date": "1996-09-06",
    "end_date": "1997-02-05"
  },
  {
    "md_rasi": "Sagittarius",
    "ad_rasi": "Capricorn",
    "start_date": "1997-02-05",
    "end_date": "1997-07-07"
  },
  {
    "md_rasi": "Sagittarius",
    "ad_rasi": "Aquarius",
    "start_date": "1997-07-07",
    "end_date": "1997-12-07"
  },
  {
    "md_rasi": "Sagittarius",
    "ad_rasi": "Pisces",
    "start_date": "1997-12-07",
    "end_date": "1998-05-08"
  },
  {
    "md_rasi": "Sagittarius",
    "ad_rasi": "Aries",
    "start_date": "1998-05-08",
    "end_date": "1998-10-07"
  },
  {
    "md_rasi": "Sagittarius",
    "ad_rasi": "Taurus",
    "start_date": "1998-10-07",
    "end_date": "1999-03-08"
  },
  {
    "md_rasi": "Sagittarius",
    "ad_rasi": "Gemini",
    "start_date": "1999-03-08",
    "end_date": "1999-08-07"
  },
  {
    "md_rasi": "Sagittarius",
    "ad_rasi": "Cancer",
    "start_date": "1999-08-07",
    "end_date": "2000-01-07"
  },
  {
    "md_rasi": "Sagittarius",
    "ad_rasi": "Leo",
    "start_date": "2000-01-07",
    "end_date": "2000-06-07"
  },
  {
    "md_rasi": "Sagittarius",
    "ad_rasi": "Virgo",
    "start_date": "2000-06-07",
    "end_date": "2000-11-06"
  },
  {
    "md_rasi": "Sagittarius",
    "ad_rasi": "Libra",
    "start_date": "2000-11-06",
    "end_date": "2001-04-07"
  },
  {
    "md_rasi": "Sagittarius",
    "ad_rasi": "Scorpio",
    "start_date": "2001-04-07",
    "end_date": "2001-09-06"
  },
  {
    "md_rasi": "Capricorn",
    "ad_rasi": "Capricorn",
    "start_date": "2001-09-06",
    "end_date": "2002-03-08"
  },
  {
    "md_rasi": "Capricorn",
    "ad_rasi": "Aquarius",
    "start_date": "2002-03-08",
    "end_date": "2002-09-07"
  },
  {
    "md_rasi": "Capricorn",
    "ad_rasi": "Pisces",
    "start_date": "2002-09-07",
    "end_date": "2003-03-08"
  },
  {
    "md_rasi": "Capricorn",
    "ad_rasi": "Aries",
    "start_date": "2003-03-08",
    "end_date": "2003-09-07"
  },
  {
    "md_rasi": "Capricorn",
    "ad_rasi": "Taurus",
    "start_date": "2003-09-07",
    "end_date": "2004-03-08"
  },
  {
    "md_rasi": "Capricorn",
    "ad_rasi": "Gemini",
    "start_date": "2004-03-08",
    "end_date": "2004-09-06"
  },
  {
    "md_rasi": "Capricorn",
    "ad_rasi": "Cancer",
    "start_date": "2004-09-06",
    "end_date": "2005-03-08"
  },
  {
    "md_rasi": "Capricorn",
    "ad_rasi": "Leo",
    "start_date": "2005-03-08",
    "end_date": "2005-09-06"
  },
  {
    "md_rasi": "Capricorn",
    "ad_rasi": "Virgo",
    "start_date": "2005-09-06",
    "end_date": "2006-03-08"
  },
  {
    "md_rasi": "Capricorn",
    "ad_rasi": "Libra",
    "start_date": "2006-03-08",
    "end_date": "2006-09-07"
  },
  {
    "md_rasi": "Capricorn",
    "ad_rasi": "Scorpio",
    "start_date": "2006-09-07",
    "end_date": "2007-03-08"
  },
  {
    "md_rasi": "Capricorn",
    "ad_rasi": "Sagittarius",
    "start_date": "2007-03-08",
    "end_date": "2007-09-07"
  },
  {
    "md_rasi": "Aquarius",
    "ad_rasi": "Aquarius",
    "start_date": "2007-09-07",
    "end_date": "2008-01-07"
  },
  {
    "md_rasi": "Aquarius",
    "ad_rasi": "Pisces",
    "start_date": "2008-01-07",
    "end_date": "2008-05-07"
  },
  {
    "md_rasi": "Aquarius",
    "ad_rasi": "Aries",
    "start_date": "2008-05-07",
    "end_date": "2008-09-06"
  },
  {
    "md_rasi": "Aquarius",
    "ad_rasi": "Taurus",
    "start_date": "2008-09-06",
    "end_date": "2009-01-06"
  },
  {
    "md_rasi": "Aquarius",
    "ad_rasi": "Gemini",
    "start_date": "2009-01-06",
    "end_date": "2009-05-08"
  },
  {
    "md_rasi": "Aquarius",
    "ad_rasi": "Cancer",
    "start_date": "2009-05-08",
    "end_date": "2009-09-06"
  },
  {
    "md_rasi": "Aquarius",
    "ad_rasi": "Leo",
    "start_date": "2009-09-06",
    "end_date": "2010-01-06"
  },
  {
    "md_rasi": "Aquarius",
    "ad_rasi": "Virgo",
    "start_date": "2010-01-06",
    "end_date": "2010-05-08"
  },
  {
    "md_rasi": "Aquarius",
    "ad_rasi": "Libra",
    "start_date": "2010-05-08",
    "end_date": "2010-09-07"
  },
  {
    "md_rasi": "Aquarius",
    "ad_rasi": "Scorpio",
    "start_date": "2010-09-07",
    "end_date": "2011-01-06"
  },
  {
    "md_rasi": "Aquarius",
    "ad_rasi": "Sagittarius",
    "start_date": "2011-01-06",
    "end_date": "2011-05-08"
  },
  {
    "md_rasi": "Aquarius",
    "ad_rasi": "Capricorn",
    "start_date": "2011-05-08",
    "end_date": "2011-09-07"
  },
  {
    "md_rasi": "Pisces",
    "ad_rasi": "Pisces",
    "start_date": "2011-09-07",
    "end_date": "2012-07-07"
  },
  {
    "md_rasi": "Pisces",
    "ad_rasi": "Aries",
    "start_date": "2012-07-07",
    "end_date": "2013-05-08"
  },
  {
    "md_rasi": "Pisces",
    "ad_rasi": "Taurus",
    "start_date": "2013-05-08",
    "end_date": "2014-03-08"
  },
  {
    "md_rasi": "Pisces",
    "ad_rasi": "Gemini",
    "start_date": "2014-03-08",
    "end_date": "2015-01-06"
  },
  {
    "md_rasi": "Pisces",
    "ad_rasi": "Cancer",
    "start_date": "2015-01-06",
    "end_date": "2015-11-07"
  },
  {
    "md_rasi": "Pisces",
    "ad_rasi": "Leo",
    "start_date": "2015-11-07",
    "end_date": "2016-09-06"
  },
  {
    "md_rasi": "Pisces",
    "ad_rasi": "Virgo",
    "start_date": "2016-09-06",
    "end_date": "2017-07-08"
  },
  {
    "md_rasi": "Pisces",
    "ad_rasi": "Libra",
    "start_date": "2017-07-08",
    "end_date": "2018-05-08"
  },
  {
    "md_rasi": "Pisces",
    "ad_rasi": "Scorpio",
    "start_date": "2018-05-08",
    "end_date": "2019-03-08"
  },
  {
    "md_rasi": "Pisces",
    "ad_rasi": "Sagittarius",
    "start_date": "2019-03-08",
    "end_date": "2020-01-07"
  },
  {
    "md_rasi": "Pisces",
    "ad_rasi": "Capricorn",
    "start_date": "2020-01-07",
    "end_date": "2020-11-06"
  },
  {
    "md_rasi": "Pisces",
    "ad_rasi": "Aquarius",
    "start_date": "2020-11-06",
    "end_date": "2021-09-07"
  },
  {
    "md_rasi": "Aries",
    "ad_rasi": "Aries",
    "start_date": "2021-09-07",
    "end_date": "2022-02-06"
  },
  {
    "md_rasi": "Aries",
    "ad_rasi": "Taurus",
    "start_date": "2022-02-06",
    "end_date": "2022-07-08"
  },
  {
    "md_rasi": "Aries",
    "ad_rasi": "Gemini",
    "start_date": "2022-07-08",
    "end_date": "2022-12-07"
  },
  {
    "md_rasi": "Aries",
    "ad_rasi": "Cancer",
    "start_date": "2022-12-07",
    "end_date": "2023-05-08"
  },
  {
    "md_rasi": "Aries",
    "ad_rasi": "Leo",
    "start_date": "2023-05-08",
    "end_date": "2023-10-07"
  },
  {
    "md_rasi": "Aries",
    "ad_rasi": "Virgo",
    "start_date": "2023-10-07",
    "end_date": "2024-03-08"
  },
  {
    "md_rasi": "Aries",
    "ad_rasi": "Libra",
    "start_date": "2024-03-08",
    "end_date": "2024-08-07"
  },
  {
    "md_rasi": "Aries",
    "ad_rasi": "Scorpio",
    "start_date": "2024-08-07",
    "end_date": "2025-01-06"
  },
  {
    "md_rasi": "Aries",
    "ad_rasi": "Sagittarius",
    "start_date": "2025-01-06",
    "end_date": "2025-06-07"
  },
  {
    "md_rasi": "Aries",
    "ad_rasi": "Capricorn",
    "start_date": "2025-06-07",
    "end_date": "2025-11-06"
  },
  {
    "md_rasi": "Aries",
    "ad_rasi": "Aquarius",
    "start_date": "2025-11-06",
    "end_date": "2026-04-08"
  },
  {
    "md_rasi": "Aries",
    "ad_rasi": "Pisces",
    "start_date": "2026-04-08",
    "end_date": "2026-09-07"
  },
  {
    "md_rasi": "Taurus",
    "ad_rasi": "Taurus",
    "start_date": "2026-09-07",
    "end_date": "2026-12-07"
  },
  {
    "md_rasi": "Taurus",
    "ad_rasi": "Gemini",
    "start_date": "2026-12-07",
    "end_date": "2027-03-08"
  },
  {
    "md_rasi": "Taurus",
    "ad_rasi": "Cancer",
    "start_date": "2027-03-08",
    "end_date": "2027-06-08"
  },
  {
    "md_rasi": "Taurus",
    "ad_rasi": "Leo",
    "start_date": "2027-06-08",
    "end_date": "2027-09-07"
  },
  {
    "md_rasi": "Taurus",
    "ad_rasi": "Virgo",
    "start_date": "2027-09-07",
    "end_date": "2027-12-07"
  },
  {
    "md_rasi": "Taurus",
    "ad_rasi": "Libra",
    "start_date": "2027-12-07",
    "end_date": "2028-03-08"
  },
  {
    "md_rasi": "Taurus",
    "ad_rasi": "Scorpio",
    "start_date": "2028-03-08",
    "end_date": "2028-06-07"
  },
  {
    "md_rasi": "Taurus",
    "ad_rasi": "Sagittarius",
    "start_date": "2028-06-07",
    "end_date": "2028-09-06"
  },
  {
    "md_rasi": "Taurus",
    "ad_rasi": "Capricorn",
    "start_date": "2028-09-06",
    "end_date": "2028-12-07"
  },
  {
    "md_rasi": "Taurus",
    "ad_rasi": "Aquarius",
    "start_date": "2028-12-07",
    "end_date": "2029-03-08"
  },
  {
    "md_rasi": "Taurus",
    "ad_rasi": "Pisces",
    "start_date": "2029-03-08",
    "end_date": "2029-06-07"
  },
  {
    "md_rasi": "Taurus",
    "ad_rasi": "Aries",
    "start_date": "2029-06-07",
    "end_date": "2029-09-07"
  },
  {
    "md_rasi": "Gemini",
    "ad_rasi": "Gemini",
    "start_date": "2029-09-07",
    "end_date": "2029-12-07"
  },
  {
    "md_rasi": "Gemini",
    "ad_rasi": "Cancer",
    "start_date": "2029-12-07",
    "end_date": "2030-03-08"
  },
  {
    "md_rasi": "Gemini",
    "ad_rasi": "Leo",
    "start_date": "2030-03-08",
    "end_date": "2030-06-08"
  },
  {
    "md_rasi": "Gemini",
    "ad_rasi": "Virgo",
    "start_date": "2030-06-08",
    "end_date": "2030-09-07"
  },
  {
    "md_rasi": "Gemini",
    "ad_rasi": "Libra",
    "start_date": "2030-09-07",
    "end_date": "2030-12-07"
  },
  {
    "md_rasi": "Gemini",
    "ad_rasi": "Scorpio",
    "start_date": "2030-12-07",
    "end_date": "2031-03-08"
  },
  {
    "md_rasi": "Gemini",
    "ad_rasi": "Sagittarius",
    "start_date": "2031-03-08",
    "end_date": "2031-06-08"
  },
  {
    "md_rasi": "Gemini",
    "ad_rasi": "Capricorn",
    "start_date": "2031-06-08",
    "end_date": "2031-09-07"
  },
  {
    "md_rasi": "Gemini",
    "ad_rasi": "Aquarius",
    "start_date": "2031-09-07",
    "end_date": "2031-12-07"
  },
  {
    "md_rasi": "Gemini",
    "ad_rasi": "Pisces",
    "start_date": "2031-12-07",
    "end_date": "2032-03-08"
  },
  {
    "md_rasi": "Gemini",
    "ad_rasi": "Aries",
    "start_date": "2032-03-08",
    "end_date": "2032-06-07"
  },
  {
    "md_rasi": "Gemini",
    "ad_rasi": "Taurus",
    "start_date": "2032-06-07",
    "end_date": "2032-09-06"
  },
  {
    "md_rasi": "Cancer",
    "ad_rasi": "Cancer",
    "start_date": "2032-09-06",
    "end_date": "2033-03-08"
  },
  {
    "md_rasi": "Cancer",
    "ad_rasi": "Leo",
    "start_date": "2033-03-08",
    "end_date": "2033-09-07"
  },
  {
    "md_rasi": "Cancer",
    "ad_rasi": "Virgo",
    "start_date": "2033-09-07",
    "end_date": "2034-03-08"
  },
  {
    "md_rasi": "Cancer",
    "ad_rasi": "Libra",
    "start_date": "2034-03-08",
    "end_date": "2034-09-07"
  },
  {
    "md_rasi": "Cancer",
    "ad_rasi": "Scorpio",
    "start_date": "2034-09-07",
    "end_date": "2035-03-08"
  },
  {
    "md_rasi": "Cancer",
    "ad_rasi": "Sagittarius",
    "start_date": "2035-03-08",
    "end_date": "2035-09-07"
  },
  {
    "md_rasi": "Cancer",
    "ad_rasi": "Capricorn",
    "start_date": "2035-09-07",
    "end_date": "2036-03-08"
  },
  {
    "md_rasi": "Cancer",
    "ad_rasi": "Aquarius",
    "start_date": "2036-03-08",
    "end_date": "2036-09-06"
  },
  {
    "md_rasi": "Cancer",
    "ad_rasi": "Pisces",
    "start_date": "2036-09-06",
    "end_date": "2037-03-08"
  },
  {
    "md_rasi": "Cancer",
    "ad_rasi": "Aries",
    "start_date": "2037-03-08",
    "end_date": "2037-09-07"
  },
  {
    "md_rasi": "Cancer",
    "ad_rasi": "Taurus",
    "start_date": "2037-09-07",
    "end_date": "2038-03-08"
  },
  {
    "md_rasi": "Cancer",
    "ad_rasi": "Gemini",
    "start_date": "2038-03-08",
    "end_date": "2038-09-07"
  },
  {
    "md_rasi": "Leo",
    "ad_rasi": "Leo",
    "start_date": "2038-09-07",
    "end_date": "2039-09-07"
  },
  {
    "md_rasi": "Leo",
    "ad_rasi": "Virgo",
    "start_date": "2039-09-07",
    "end_date": "2040-09-06"
  },
  {
    "md_rasi": "Leo",
    "ad_rasi": "Libra",
    "start_date": "2040-09-06",
    "end_date": "2041-09-07"
  },
  {
    "md_rasi": "Leo",
    "ad_rasi": "Scorpio",
    "start_date": "2041-09-07",
    "end_date": "2042-09-07"
  },
  {
    "md_rasi": "Leo",
    "ad_rasi": "Sagittarius",
    "start_date": "2042-09-07",
    "end_date": "2043-09-07"
  },
  {
    "md_rasi": "Leo",
    "ad_rasi": "Capricorn",
    "start_date": "2043-09-07",
    "end_date": "2044-09-06"
  },
  {
    "md_rasi": "Leo",
    "ad_rasi": "Aquarius",
    "start_date": "2044-09-06",
    "end_date": "2045-09-07"
  },
  {
    "md_rasi": "Leo",
    "ad_rasi": "Pisces",
    "start_date": "2045-09-07",
    "end_date": "2046-09-07"
  },
  {
    "md_rasi": "Leo",
    "ad_rasi": "Aries",
    "start_date": "2046-09-07",
    "end_date": "2047-09-07"
  },
  {
    "md_rasi": "Leo",
    "ad_rasi": "Taurus",
    "start_date": "2047-09-07",
    "end_date": "2048-09-06"
  },
  {
    "md_rasi": "Leo",
    "ad_rasi": "Gemini",
    "start_date": "2048-09-06",
    "end_date": "2049-09-07"
  },
  {
    "md_rasi": "Leo",
    "ad_rasi": "Cancer",
    "start_date": "2049-09-07",
    "end_date": "2050-09-07"
  },
  {
    "md_rasi": "Virgo",
    "ad_rasi": "Virgo",
    "start_date": "2050-09-07",
    "end_date": "2051-09-07"
  },
  {
    "md_rasi": "Virgo",
    "ad_rasi": "Libra",
    "start_date": "2051-09-07",
    "end_date": "2052-09-06"
  },
  {
    "md_rasi": "Virgo",
    "ad_rasi": "Scorpio",
    "start_date": "2052-09-06",
    "end_date": "2053-09-07"
  },
  {
    "md_rasi": "Virgo",
    "ad_rasi": "Sagittarius",
    "start_date": "2053-09-07",
    "end_date": "2054-09-07"
  },
  {
    "md_rasi": "Virgo",
    "ad_rasi": "Capricorn",
    "start_date": "2054-09-07",
    "end_date": "2055-09-07"
  },
  {
    "md_rasi": "Virgo",
    "ad_rasi": "Aquarius",
    "start_date": "2055-09-07",
    "end_date": "2056-09-06"
  }
]